episode,timestep,reward
3,40,-0.7656000256538391
7,80,-0.7178000211715698
11,120,-0.7072000503540039
15,160,-0.7118499875068665
19,200,-0.7004500031471252
