episode,timestep,reward
1,20,-0.6528000235557556
3,40,-0.7304999828338623
5,60,-0.6842000484466553
7,80,-0.7381500005722046
9,100,-0.6848499774932861
