episode,timestep,reward
3,40,-0.6950000524520874
7,80,-0.690750002861023
11,120,-0.7030999660491943
15,160,-0.7188500165939331
19,200,-0.7208999991416931
